{"data": [70, 85, 104, 134, 184, 200, 207, 223, 275, 296, 401, 463, 475, 551, 619, 669, 673, 680, 738, 750, 755, 756, 764, 768, 802, 833, 905, 906, 930, 967], "mean": 539.4333333333333, "median": 644.0, "mode": [70, 85, 104, 134, 184, 200, 207, 223, 275, 296, 401, 463, 475, 551, 619, 669, 673, 680, 738, 750, 755, 756, 764, 768, 802, 833, 905, 906, 930, 967], "std_deviation": 288.128291256208, "mad": 259.7088888888889, "min_max": [70, 967]}