{"data": [70, 104, 184, 200, 223, 275, 296, 463, 551, 669, 673, 738, 750, 756, 768, 802, 833, 906, 930, 967], "mean": 557.9, "median": 671.0, "mode": [70, 104, 184, 200, 223, 275, 296, 463, 551, 669, 673, 738, 750, 756, 768, 802, 833, 906, 930, 967], "std_deviation": 293.46003135009715, "mad": 265.51000000000005, "min_max": [70, 967]}