{"data": [104, 184, 200, 223, 275, 551, 669, 673, 738, 750, 756, 768, 802, 833, 906], "mean": 562.1333333333333, "median": 673, "mode": [104, 184, 200, 223, 275, 551, 669, 673, 738, 750, 756, 768, 802, 833, 906], "std_deviation": 270.8802605498517, "mad": 244.7733333333334, "min_max": [104, 906]}